experiment,label,SPI_max_pairwise_distance,PFSI_max_pairwise_distance,TFSI_max_pairwise_distance,PPR_max_pairwise_distance,PPD_max_pairwise_distance
1,normal,0.441,12.5,23.5,0.0,0.0
1,compromised,0.9626,30.67,32.67,0.1100000000000001,0.11
2,normal,0.1684,8.0,23.5,0.0,0.0
2,compromised,1.1553,15.5,39.0,0.03,0.03
3,normal,0.3378,14.0,23.5,0.0,0.0
3,compromised,0.4243,10.0,24.5,0.0,0.0
4,normal,0.0757,28.5,24.5,0.0,0.0
4,compromised,0.3047,17.0,15.0,0.0,0.0
5,normal,0.1065,11.5,22.5,0.0,0.0
5,compromised,0.1448999999999999,14.5,21.5,0.0,0.0
6,normal,0.183,9.0,27.0,0.0,0.0
6,compromised,1.0564,22.5,36.5,0.51,0.51
7,normal,0.2604,12.0,12.0,0.0,0.0
7,compromised,0.5005000000000001,17.0,19.5,0.1299999999999999,0.13
8,normal,0.1447,15.5,15.5,0.0,0.0
8,compromised,0.6442,29.5,17.0,0.03,0.0
9,normal,0.3519,11.0,19.0,0.0,0.0
9,compromised,0.6707000000000001,4.5,19.5,0.05,0.0
10,normal,0.3692999999999999,41.5,17.5,0.0,0.0
10,compromised,0.4120999999999999,23.5,16.0,0.0,0.0
11,normal,0.1374,41.5,26.5,0.0,0.0
11,compromised,0.1770999999999999,9.5,15.0,0.06,0.06
12,normal,0.1714,17.0,34.0,0.0,0.0
12,compromised,0.6597000000000001,33.0,43.0,0.1,0.09
13,normal,0.3759,14.0,30.0,0.0,0.0
13,compromised,0.8818999999999999,14.0,23.5,0.25,0.22
14,normal,0.1343,12.0,23.5,0.0,0.0
14,compromised,0.6859,16.0,31.5,0.04,0.04
15,normal,0.8524,14.0,22.0,0.0,0.0
15,compromised,1.0055,12.0,17.0,0.1,0.1
16,normal,0.1387,14.5,21.5,0.0,0.0
16,compromised,1.0329,14.5,22.5,0.1699999999999999,0.17
17,normal,0.1846,10.0,24.0,0.0,0.0
17,compromised,0.8479,8.5,36.5,0.05,0.0
18,normal,0.0688999999999999,13.0,23.0,0.0,0.0
18,compromised,0.2182,12.5,15.0,0.1,0.1
19,normal,0.0962,11.0,27.0,0.0,0.0
19,compromised,0.8458,44.0,60.0,0.41,0.3
20,normal,0.1674,13.0,22.0,0.0,0.0
20,compromised,1.1377000000000002,20.5,67.5,0.1799999999999999,0.17
21,normal,0.2504,6.5,22.5,0.0,0.0
21,compromised,1.0716,22.5,14.5,0.1899999999999999,0.19
22,normal,0.1499,7.5,17.5,0.0,0.0
22,compromised,0.716,50.17,58.83,0.25,0.25
23,normal,0.1999999999999999,10.5,23.0,0.0,0.0
23,compromised,0.3863,28.0,45.0,0.1100000000000001,0.06
24,normal,0.175,15.0,0.0,0.0,0.0
24,compromised,0.1905,13.0,0.0,0.02,0.0
25,normal,0.056,9.0,16.0,0.0,0.0
25,compromised,0.1315,16.0,25.5,0.1099999999999999,0.0
26,normal,0.2125,16.0,19.0,0.0,0.0
26,compromised,0.6952,26.0,23.0,0.0,0.0
27,normal,0.1967999999999999,15.5,24.0,0.0,0.0
27,compromised,0.2478999999999999,18.0,15.0,0.1299999999999999,0.13
28,normal,0.1043,16.0,29.0,0.0,0.0
28,compromised,0.2699,20.0,28.0,0.2299999999999999,0.22
29,normal,0.2726,19.5,36.5,0.0,0.0
29,compromised,0.5593,43.5,34.67,0.33,0.28
30,normal,0.619,15.0,27.0,0.0,0.0
30,compromised,0.5141,30.0,37.0,0.27,0.26
31,normal,0.1513,8.0,25.0,0.0,0.0
31,compromised,0.3064,17.0,44.0,0.33,0.28
32,normal,0.2624999999999999,24.5,21.5,0.0,0.0
32,compromised,0.633,22.5,29.0,0.0,0.0
33,normal,0.1762,19.0,24.0,0.0,0.0
33,compromised,0.5528000000000001,20.0,28.0,0.1899999999999999,0.17
34,normal,0.2023,18.0,15.5,0.0,0.0
34,compromised,0.1533999999999999,17.5,22.5,0.03,0.0
35,normal,0.2544,17.0,21.0,0.0,0.0
35,compromised,0.9973,11.5,22.0,0.1499999999999999,0.15
36,normal,0.4001,18.0,28.0,0.0,0.0
36,compromised,0.6243,17.5,33.0,0.27,0.24
37,normal,0.4069,17.0,17.0,0.0,0.0
37,compromised,1.6855,12.5,38.0,0.05,0.0
38,normal,0.2115,6.0,26.5,0.0,0.0
38,compromised,0.2339,25.0,19.0,0.1100000000000001,0.07
39,normal,0.1458999999999999,8.5,28.5,0.0,0.0
39,compromised,0.1799,14.0,29.0,0.02,0.0
40,normal,0.3027999999999999,12.0,15.0,0.0,0.0
40,compromised,0.5687,27.0,40.0,0.09,0.09
41,normal,0.2108,20.0,14.5,0.0,0.0
41,compromised,0.2695,47.0,28.5,0.09,0.09
42,normal,0.1586,14.0,14.0,0.0,0.0
42,compromised,0.3572,15.0,20.0,0.04,0.0
43,normal,0.1618,14.0,19.0,0.0,0.0
43,compromised,0.4242,22.33,22.33,0.24,0.18
44,normal,0.1232,45.5,23.0,0.0,0.0
44,compromised,0.1514,27.0,18.0,0.05,0.05
45,normal,0.1491,13.5,18.0,0.0,0.0
45,compromised,0.3001,17.0,18.0,0.02,0.0
46,normal,0.24,23.5,28.5,0.0,0.0
46,compromised,0.636,50.0,38.5,0.2500000000000001,0.1
47,normal,0.2413,11.0,21.0,0.0,0.0
47,compromised,0.708,19.0,23.5,0.04,0.04
48,normal,0.1277,28.5,27.0,0.0,0.0
48,compromised,0.379,17.0,30.0,0.2199999999999999,0.21
49,normal,0.1566,8.5,10.5,0.0,0.0
49,compromised,0.0928,17.5,26.5,0.0,0.0
50,normal,0.4419,14.0,21.0,0.0,0.0
50,compromised,0.5188999999999999,27.0,43.0,0.29,0.29
51,normal,0.2418999999999999,15.0,13.5,0.0,0.0
51,compromised,0.8545,12.5,23.5,0.0799999999999999,0.0
52,normal,0.0784999999999999,17.0,19.5,0.0,0.0
52,compromised,1.4344,26.5,34.0,0.06,0.06
53,normal,0.0742,12.5,18.5,0.0,0.0
53,compromised,0.6945,16.0,18.5,0.24,0.19
54,normal,0.2809,17.0,17.0,0.0,0.0
54,compromised,0.5094000000000001,14.0,22.5,0.1899999999999999,0.14
55,normal,0.1879,11.5,16.0,0.0,0.0
55,compromised,0.201,25.0,14.0,0.08,0.08
56,normal,0.1394,9.5,18.5,0.0,0.0
56,compromised,0.8628,30.67,37.83,0.05,0.05
57,normal,0.3396,0.0,0.0,0.0,0.0
57,compromised,1.2407,18.33,29.0,0.1999999999999999,0.19
58,normal,0.234,18.0,29.0,0.0,0.0
58,compromised,0.5909,16.5,38.0,0.05,0.04
59,normal,0.3698,12.0,26.5,0.0,0.0
59,compromised,1.5672,37.83,42.17,0.2799999999999999,0.2
60,normal,0.1532,10.0,26.5,0.0,0.0
60,compromised,0.2078,17.0,23.5,0.0,0.0
61,normal,1.1873999999999998,12.5,20.5,0.0,0.0
61,compromised,1.0074,15.5,20.0,0.03,0.0
62,normal,0.1161,10.5,15.5,0.0,0.0
62,compromised,0.56,20.0,29.0,0.0,0.0
63,normal,0.4593,0.0,0.0,0.0,0.0
63,compromised,0.7036,33.67,44.67,0.0,0.0
64,normal,0.1362,13.5,18.0,0.0,0.0
64,compromised,0.3477,19.5,26.0,0.1599999999999999,0.16
65,normal,0.271,15.0,23.0,0.0,0.0
65,compromised,0.8834,48.0,48.0,0.1499999999999999,0.13
66,normal,0.4505,12.0,0.0,0.0,0.0
66,compromised,0.9543,31.0,31.5,0.1699999999999999,0.16
67,normal,0.2030999999999999,16.0,23.0,0.0,0.0
67,compromised,0.8593000000000001,67.0,55.33,0.29,0.27
68,normal,0.2562,10.5,22.5,0.0,0.0
68,compromised,1.8968,24.0,24.33,0.1399999999999999,0.13
69,normal,0.4129,8.5,26.5,0.0,0.0
69,compromised,0.718,27.0,34.33,0.0,0.0
70,normal,0.1418999999999999,6.5,24.5,0.0,0.0
70,compromised,1.3308,21.67,39.5,0.02,0.0
71,normal,0.2981,25.5,25.5,0.0,0.0
71,compromised,0.7733,17.0,17.0,0.26,0.23
72,normal,0.1674,10.5,10.0,0.0,0.0
72,compromised,0.8918,35.83,42.83,0.5,0.5
73,normal,0.2800999999999999,8.0,17.0,0.0,0.0
73,compromised,0.8565,22.0,34.33,0.3,0.25
74,normal,0.1790999999999999,12.5,17.5,0.0,0.0
74,compromised,1.623,18.33,29.5,0.1999999999999999,0.15
75,normal,0.2246999999999999,11.0,24.5,0.0,0.0
75,compromised,0.9642,58.17,53.17,0.1200000000000001,0.11
76,normal,0.3221,9.0,16.0,0.0,0.0
76,compromised,0.2143,16.0,27.5,0.1100000000000001,0.08
77,normal,0.2275,9.0,37.0,0.0,0.0
77,compromised,0.4292,26.5,28.0,0.02,0.0
78,normal,0.2771,18.5,16.5,0.0,0.0
78,compromised,0.7249,25.5,22.5,0.18,0.07
79,normal,0.2112,15.0,15.0,0.0,0.0
79,compromised,0.3656,14.5,25.0,0.0,0.0
80,normal,0.2611,11.0,30.0,0.0,0.0
80,compromised,0.4028,14.0,30.0,0.08,0.07
81,normal,0.224,13.0,15.5,0.0,0.0
81,compromised,0.4664999999999999,21.5,24.0,0.01,0.0
82,normal,0.1722,14.5,26.0,0.0,0.0
82,compromised,0.3907,18.0,32.0,0.25,0.24
83,normal,0.1556,13.5,28.5,0.0,0.0
83,compromised,0.298,10.5,21.5,0.1399999999999999,0.14
84,normal,0.1462,7.0,25.5,0.0,0.0
84,compromised,1.0093,14.5,30.5,0.0,0.0
85,normal,0.1991,29.0,31.0,0.0,0.0
85,compromised,0.579,29.0,29.0,0.0,0.0
86,normal,0.0824999999999999,10.0,24.0,0.0,0.0
86,compromised,0.5118,18.83,20.0,0.0,0.0
87,normal,0.2353,12.5,23.0,0.0,0.0
87,compromised,0.239,14.5,25.5,0.01,0.0
88,normal,0.1754,7.0,25.0,0.0,0.0
88,compromised,0.9351,34.67,35.67,0.0,0.0
89,normal,0.4043,12.0,26.5,0.0,0.0
89,compromised,0.2272999999999999,32.67,37.33,0.3,0.26
90,normal,0.4247,21.0,21.0,0.0,0.0
90,compromised,0.7143,53.0,55.0,0.0,0.0
91,normal,0.2251,14.0,16.0,0.0,0.0
91,compromised,1.0494,24.0,18.0,0.1699999999999999,0.17
92,normal,0.2893,17.0,17.0,0.0,0.0
92,compromised,1.1730999999999998,16.67,25.33,0.04,0.0
93,normal,0.2811999999999999,15.5,23.5,0.0,0.0
93,compromised,0.1813,15.5,27.0,0.1,0.08
94,normal,0.1281,20.0,21.5,0.0,0.0
94,compromised,1.2434,24.0,39.5,0.0,0.0
95,normal,0.3234,15.5,26.5,0.0,0.0
95,compromised,0.2104,12.5,33.0,0.04,0.0
96,normal,0.2288,24.0,14.0,0.0,0.0
96,compromised,1.5973,10.670000000000002,28.33,0.0,0.0
97,normal,0.1824,13.0,16.0,0.0,0.0
97,compromised,0.7072,19.0,29.0,0.1299999999999999,0.13
98,normal,0.2024,18.5,18.5,0.0,0.0
98,compromised,0.5311,36.83,56.83,0.12,0.05
99,normal,0.1460999999999999,18.5,27.5,0.0,0.0
99,compromised,0.5842999999999999,25.5,25.5,0.04,0.0
100,normal,0.291,12.5,13.0,0.0,0.0
100,compromised,0.2473,34.0,28.5,0.0899999999999999,0.0
101,normal,0.0727,40.5,22.0,0.0,0.0
101,compromised,0.5875,19.0,17.0,0.01,0.01
102,normal,0.1425,11.0,14.5,0.0,0.0
102,compromised,0.9589,53.0,71.0,0.1400000000000001,0.09
103,normal,0.4918,10.5,22.5,0.0,0.0
103,compromised,0.4466,30.33,45.67,0.3,0.28
104,normal,0.282,18.0,18.0,0.0,0.0
104,compromised,0.7484,32.5,32.5,0.04,0.0
105,normal,0.2868,12.5,17.5,0.0,0.0
105,compromised,0.4047,15.5,18.0,0.1200000000000001,0.11
106,normal,0.3257,14.0,11.0,0.0,0.0
106,compromised,1.2178,19.83,25.5,0.05,0.05
107,normal,0.2202,11.0,26.0,0.0,0.0
107,compromised,0.4247,13.5,24.0,0.06,0.06
108,normal,0.0748,15.0,28.5,0.0,0.0
108,compromised,0.1156,20.5,21.5,0.07,0.07
109,normal,0.1389999999999999,26.0,21.0,0.0,0.0
109,compromised,0.4041,14.5,25.0,0.06,0.06
110,normal,0.754,22.0,22.0,0.0,0.0
110,compromised,0.2535,25.0,37.5,0.08,0.08
111,normal,0.1441,9.5,23.0,0.0,0.0
111,compromised,0.1075,40.5,20.5,0.04,0.0
112,normal,0.2234,10.5,24.0,0.0,0.0
112,compromised,0.5384,30.33,41.67,0.07,0.07
113,normal,0.2811,11.0,20.5,0.0,0.0
113,compromised,0.6819,39.67,55.67,0.35,0.27
114,normal,0.1198999999999999,14.0,16.5,0.0,0.0
114,compromised,0.8037000000000001,10.0,31.0,0.01,0.0
115,normal,0.2351,12.0,26.5,0.0,0.0
115,compromised,0.3636,30.5,32.5,0.0,0.0
116,normal,0.1115,14.5,25.5,0.0,0.0
116,compromised,0.682,14.5,26.0,0.05,0.05
117,normal,0.6318,20.5,26.5,0.0,0.0
117,compromised,1.0947,18.5,18.5,0.07,0.07
118,normal,0.3117999999999999,18.5,20.0,0.0,0.0
118,compromised,0.5399999999999999,12.0,23.0,0.05,0.05
119,normal,0.1135,12.0,14.5,0.0,0.0
119,compromised,0.352,13.5,30.5,0.04,0.0
120,normal,0.3498,11.5,24.5,0.0,0.0
120,compromised,0.1113,9.5,21.5,0.03,0.0
121,normal,0.1618,27.5,23.0,0.0,0.0
121,compromised,0.8623,23.0,20.0,0.05,0.03
122,normal,0.2008,15.0,20.5,0.0,0.0
122,compromised,0.5305,22.0,29.5,0.1899999999999999,0.19
123,normal,0.1248,28.5,24.5,0.0,0.0
123,compromised,0.6396,6.0,37.5,0.1200000000000001,0.12
124,normal,0.135,11.0,28.5,0.0,0.0
124,compromised,0.6374,15.5,28.5,0.1699999999999999,0.16
125,normal,0.1997,17.5,27.0,0.0,0.0
125,compromised,0.6164999999999999,12.0,18.0,0.06,0.0
126,normal,0.2868,13.5,19.5,0.0,0.0
126,compromised,0.8987,50.5,24.5,0.01,0.01
127,normal,0.202,14.0,14.0,0.0,0.0
127,compromised,0.4664,11.0,18.0,0.1899999999999999,0.19
128,normal,0.2063,17.0,17.0,0.0,0.0
128,compromised,0.2382999999999999,26.0,29.0,0.16,0.05
129,normal,0.1803,13.0,20.5,0.0,0.0
129,compromised,0.6619999999999999,9.0,13.0,0.03,0.01
130,normal,0.4009,10.5,30.5,0.0,0.0
130,compromised,0.3081,21.0,17.5,0.03,0.0
131,normal,0.2904,14.0,15.0,0.0,0.0
131,compromised,0.9212,15.5,34.5,0.08,0.05
132,normal,0.092,16.0,30.0,0.0,0.0
132,compromised,0.5699000000000001,13.0,17.0,0.1300000000000001,0.1
133,normal,0.1097,21.0,21.0,0.0,0.0
133,compromised,0.8276,20.5,35.5,0.08,0.08
134,normal,0.2562,19.0,24.0,0.0,0.0
134,compromised,0.1230999999999999,11.5,18.0,0.07,0.04
135,normal,0.1012,16.5,28.5,0.0,0.0
135,compromised,0.973,0.0,0.0,0.0,0.0
136,normal,0.1248,16.0,17.5,0.0,0.0
136,compromised,0.748,26.0,42.0,0.02,0.02
137,normal,0.3971,13.5,24.5,0.0,0.0
137,compromised,0.5559999999999999,17.0,22.0,0.03,0.03
138,normal,0.2408999999999999,7.0,23.0,0.0,0.0
138,compromised,0.881,0.0,0.0,0.0,0.0
139,normal,0.8706,15.5,21.0,0.0,0.0
139,compromised,1.0616,17.5,61.5,0.1999999999999999,0.16
140,normal,0.2366,8.0,19.0,0.0,0.0
140,compromised,0.9116,32.0,27.0,0.1300000000000001,0.09
141,normal,0.4105,9.5,27.5,0.0,0.0
141,compromised,0.7826,15.0,16.0,0.0,0.0
142,normal,0.2824,7.0,23.0,0.0,0.0
142,compromised,1.2588,22.5,35.5,0.0,0.0
143,normal,0.3091,12.0,14.5,0.0,0.0
143,compromised,0.9596,22.0,29.0,0.3799999999999999,0.38
144,normal,0.187,13.0,13.5,0.0,0.0
144,compromised,0.241,13.0,14.5,0.1399999999999999,0.14
145,normal,0.3428,7.5,12.0,0.0,0.0
145,compromised,1.0752000000000002,16.5,34.5,0.0,0.0
146,normal,0.1697,9.5,28.0,0.0,0.0
146,compromised,0.3171,32.5,25.0,0.1399999999999999,0.13
147,normal,0.2213999999999999,20.0,26.0,0.0,0.0
147,compromised,0.7335999999999999,23.5,21.5,0.2099999999999999,0.21
148,normal,0.0511999999999999,13.5,16.0,0.0,0.0
148,compromised,1.9878,12.5,14.0,0.08,0.07
149,normal,0.128,30.0,30.0,0.0,0.0
149,compromised,0.1502,15.0,31.5,0.1,0.07
150,normal,1.1943,0.0,0.0,0.0,0.0
150,compromised,0.4137,13.5,19.5,0.0799999999999999,0.0
151,normal,0.2123,16.5,26.5,0.0,0.0
151,compromised,0.4351,15.5,21.5,0.1799999999999999,0.18
152,normal,0.1408,18.0,21.0,0.0,0.0
152,compromised,1.2587000000000002,13.0,41.0,0.0,0.0
153,normal,0.214,11.0,21.5,0.0,0.0
153,compromised,0.2804999999999999,14.5,26.5,0.1599999999999999,0.14
154,normal,0.685,12.0,17.0,0.0,0.0
154,compromised,1.1181,16.0,16.0,0.0,0.0
155,normal,0.1553,12.0,20.0,0.0,0.0
155,compromised,0.1158,13.0,19.5,0.1799999999999999,0.18
156,normal,0.197,6.5,19.5,0.0,0.0
156,compromised,0.1376,15.0,28.5,0.1399999999999999,0.14
157,normal,0.3379999999999999,15.0,23.0,0.0,0.0
157,compromised,0.9677,22.5,45.0,0.02,0.02
158,normal,0.1563999999999999,12.5,25.5,0.0,0.0
158,compromised,0.2409,10.0,26.0,0.1699999999999999,0.17
159,normal,0.1922,12.5,14.0,0.0,0.0
159,compromised,0.4229,12.0,32.0,0.0,0.0
160,normal,0.1699,30.5,29.5,0.0,0.0
160,compromised,0.0873999999999999,12.0,32.0,0.08,0.07
161,normal,0.1435,17.0,25.5,0.0,0.0
161,compromised,1.0025,13.0,43.5,0.06,0.05
162,normal,0.1800999999999999,14.0,24.0,0.0,0.0
162,compromised,0.7717,18.0,29.0,0.0,0.0
163,normal,0.1543,27.0,30.0,0.0,0.0
163,compromised,0.7536999999999999,34.5,33.5,0.2299999999999999,0.21
164,normal,0.1578,13.5,12.5,0.0,0.0
164,compromised,0.8848999999999999,16.5,18.0,0.1999999999999999,0.18
165,normal,0.1571,19.5,19.0,0.0,0.0
165,compromised,0.8808,23.5,36.5,0.1300000000000001,0.11
166,normal,0.1064,22.5,23.0,0.0,0.0
166,compromised,0.5577,64.0,65.0,0.43,0.26
167,normal,0.3292,11.0,16.5,0.0,0.0
167,compromised,1.1064,61.5,61.5,0.26,0.23
168,normal,0.1473,41.5,29.5,0.0,0.0
168,compromised,0.5384,24.5,55.5,0.09,0.06
169,normal,0.1989,11.0,27.5,0.0,0.0
169,compromised,0.1841999999999999,8.5,22.5,0.3399999999999999,0.24
170,normal,0.1374,14.0,13.0,0.0,0.0
170,compromised,0.851,13.0,18.5,0.07,0.07
171,normal,0.1029,18.0,23.5,0.0,0.0
171,compromised,0.5347999999999999,15.0,22.0,0.05,0.05
172,normal,0.2879,28.0,22.0,0.0,0.0
172,compromised,0.254,31.0,33.0,0.1999999999999999,0.19
173,normal,0.1928,16.0,16.5,0.0,0.0
173,compromised,0.6565000000000001,16.0,14.5,0.0,0.0
174,normal,0.1485999999999999,14.0,10.0,0.0,0.0
174,compromised,0.1989,18.5,17.0,0.01,0.01
175,normal,0.1134,9.5,18.0,0.0,0.0
175,compromised,0.1179,76.5,37.5,0.2299999999999999,0.17
176,normal,0.1832,9.0,15.0,0.0,0.0
176,compromised,0.6313,10.5,25.0,0.1099999999999999,0.04
177,normal,0.6307,10.0,20.0,0.0,0.0
177,compromised,0.3057,15.0,18.0,0.1100000000000001,0.06
178,normal,0.1287,27.0,19.5,0.0,0.0
178,compromised,0.4289,14.5,22.5,0.02,0.0
179,normal,0.2415,17.5,19.0,0.0,0.0
179,compromised,0.9434,15.0,22.5,0.02,0.0
180,normal,0.181,10.0,26.0,0.0,0.0
180,compromised,0.3092,10.0,18.5,0.06,0.0
181,normal,0.1110999999999999,22.0,21.0,0.0,0.0
181,compromised,0.9518,22.5,40.5,0.09,0.07
182,normal,0.4059,0.0,0.0,0.0,0.0
182,compromised,0.3196,23.0,24.0,0.1899999999999999,0.16
183,normal,0.3152999999999999,8.0,13.5,0.0,0.0
183,compromised,0.3764,5.5,13.5,0.04,0.04
184,normal,0.3094,11.5,40.5,0.0,0.0
184,compromised,0.3481,26.5,62.0,0.1499999999999999,0.15
185,normal,0.0971999999999999,26.0,17.0,0.0,0.0
185,compromised,0.7772,31.5,25.5,0.02,0.0
186,normal,0.8886,9.0,17.0,0.0,0.0
186,compromised,1.4531999999999998,16.5,43.0,0.1200000000000001,0.11
187,normal,0.0613,18.0,25.5,0.0,0.0
187,compromised,0.4663,17.0,21.0,0.28,0.28
188,normal,0.0985,8.0,20.5,0.0,0.0
188,compromised,0.884,16.0,20.5,0.06,0.06
189,normal,0.1802,13.0,14.5,0.0,0.0
189,compromised,0.3474,12.5,39.0,0.04,0.04
190,normal,0.239,10.0,23.5,0.0,0.0
190,compromised,0.4118,21.0,24.5,0.1899999999999999,0.19
191,normal,0.383,17.0,17.0,0.0,0.0
191,compromised,0.7284,29.5,29.5,0.31,0.31
192,normal,0.197,7.0,16.5,0.0,0.0
192,compromised,1.7036,15.0,27.5,0.04,0.0
193,normal,0.1289,0.0,0.0,0.0,0.0
193,compromised,0.4216,31.0,31.0,0.1,0.06
194,normal,0.0844999999999999,16.0,17.5,0.0,0.0
194,compromised,0.6161,19.0,33.5,0.0,0.0
195,normal,0.1367,25.0,23.0,0.0,0.0
195,compromised,0.7182000000000001,20.5,23.5,0.1,0.1
196,normal,0.0576,6.5,19.0,0.0,0.0
196,compromised,0.2163999999999999,15.0,20.0,0.01,0.01
197,normal,0.4846,10.5,20.5,0.0,0.0
197,compromised,0.2741,13.5,26.0,0.1200000000000001,0.12
198,normal,0.0832,15.0,22.0,0.0,0.0
198,compromised,0.1286,20.0,24.5,0.02,0.0
199,normal,0.502,13.0,21.0,0.0,0.0
199,compromised,1.0992000000000002,34.5,38.5,0.0,0.0
200,normal,0.1945,13.0,26.5,0.0,0.0
200,compromised,0.3801,16.0,26.0,0.0,0.0
201,normal,0.4705,16.0,16.0,0.0,0.0
201,compromised,0.1369999999999999,29.0,29.0,0.1300000000000001,0.12
202,normal,0.2196,24.5,34.5,0.0,0.0
202,compromised,0.5493,13.0,18.0,0.0,0.0
203,normal,0.2642,13.0,18.0,0.0,0.0
203,compromised,0.9155,31.0,32.0,0.05,0.0
204,normal,0.0716,16.0,23.5,0.0,0.0
204,compromised,0.3984,22.67,28.67,0.0,0.0
205,normal,0.217,13.0,16.5,0.0,0.0
205,compromised,0.9584,0.0,0.0,0.0,0.0
206,normal,0.4171,15.0,15.0,0.0,0.0
206,compromised,0.4134,11.5,23.0,0.0,0.0
207,normal,0.2195,22.5,31.5,0.0,0.0
207,compromised,0.7332000000000001,14.670000000000002,23.0,0.03,0.03
208,normal,0.2463,7.5,18.0,0.0,0.0
208,compromised,2.1002,16.0,41.0,0.1499999999999999,0.14
209,normal,0.0872,17.0,26.0,0.0,0.0
209,compromised,0.5556,20.0,27.0,0.2099999999999998,0.14
210,normal,0.2146999999999999,10.5,27.5,0.0,0.0
210,compromised,0.4540999999999999,15.5,30.0,0.1400000000000001,0.12
211,normal,0.2598,14.0,22.0,0.0,0.0
211,compromised,1.0342,35.0,35.5,0.08,0.06
212,normal,0.1554,13.5,20.0,0.0,0.0
212,compromised,0.1651999999999999,25.0,32.5,0.07,0.07
213,normal,0.2418999999999999,18.5,34.0,0.0,0.0
213,compromised,0.5367,18.0,42.5,0.2299999999999999,0.21
214,normal,0.1073,30.5,17.5,0.0,0.0
214,compromised,1.4550999999999998,17.5,32.5,0.3800000000000001,0.34
215,normal,0.1193999999999999,18.0,26.0,0.0,0.0
215,compromised,0.1805,20.0,23.5,0.1899999999999999,0.19
216,normal,0.1076,15.0,20.0,0.0,0.0
216,compromised,0.3384,14.0,30.0,0.1999999999999999,0.17
217,normal,0.4368,11.0,17.5,0.0,0.0
217,compromised,1.0157,25.5,27.5,0.04,0.04
218,normal,0.0995,18.0,37.0,0.0,0.0
218,compromised,1.1326,27.0,22.0,0.0699999999999999,0.0
219,normal,0.2609999999999999,13.0,23.5,0.0,0.0
219,compromised,1.2968,29.5,34.5,0.19,0.12
220,normal,0.1872,12.0,18.0,0.0,0.0
220,compromised,0.1142999999999999,22.0,21.5,0.06,0.0
221,normal,0.3419999999999999,28.5,18.5,0.0,0.0
221,compromised,0.6211,24.0,43.0,0.1899999999999999,0.18
222,normal,0.1219,8.5,25.5,0.0,0.0
222,compromised,0.4034,45.0,20.5,0.3700000000000001,0.37
223,normal,0.2472,13.0,27.5,0.0,0.0
223,compromised,0.9529,15.0,16.5,0.1200000000000001,0.1
224,normal,0.2997,14.5,20.0,0.0,0.0
224,compromised,0.6987,11.0,19.5,0.09,0.08
225,normal,0.2381,10.5,21.5,0.0,0.0
225,compromised,0.3457,12.0,27.5,0.4199999999999999,0.41
226,normal,0.1676,47.5,35.5,0.0,0.0
226,compromised,1.0619,8.5,27.0,0.03,0.02
227,normal,0.1671,16.0,23.0,0.0,0.0
227,compromised,1.0453,22.5,24.5,0.09,0.09
228,normal,0.2284,7.0,20.0,0.0,0.0
228,compromised,1.0644,8.5,34.0,0.1599999999999999,0.16
229,normal,0.1382,9.5,16.0,0.0,0.0
229,compromised,0.2001,10.5,23.5,0.05,0.0
230,normal,0.1563,10.5,25.5,0.0,0.0
230,compromised,0.4039,11.5,30.5,0.05,0.05
231,normal,0.2113999999999999,19.0,0.0,0.0,0.0
231,compromised,0.1599,13.5,32.5,0.1899999999999999,0.19
232,normal,0.1039999999999999,13.0,17.0,0.0,0.0
232,compromised,0.9232,0.0,0.0,0.2399999999999998,0.13
233,normal,0.5759,15.5,24.5,0.0,0.0
233,compromised,0.8584,15.5,20.5,0.05,0.0
234,normal,0.2808,10.5,22.5,0.0,0.0
234,compromised,0.7219,10.5,28.5,0.0799999999999999,0.0
235,normal,0.4424999999999999,15.0,22.0,0.0,0.0
235,compromised,0.4645999999999999,20.5,36.5,0.0,0.0
236,normal,0.143,9.0,18.5,0.0,0.0
236,compromised,1.1671,24.67,43.33,0.37,0.25
237,normal,0.2271,41.0,30.0,0.0,0.0
237,compromised,1.4117,7.5,32.5,0.06,0.06
238,normal,0.249,14.0,15.0,0.0,0.0
238,compromised,0.3538,10.5,19.5,0.0,0.0
239,normal,0.064,29.0,25.5,0.0,0.0
239,compromised,0.8718,34.5,18.5,0.0,0.0
240,normal,0.425,4.0,21.0,0.0,0.0
240,compromised,0.2216999999999999,20.0,20.0,0.3500000000000001,0.35
241,normal,0.332,10.5,21.0,0.0,0.0
241,compromised,0.2673,27.5,28.5,0.0699999999999999,0.0
242,normal,0.2068999999999999,0.0,0.0,0.0,0.0
242,compromised,0.3205,23.5,25.5,0.1299999999999999,0.13
243,normal,0.2869,11.5,22.0,0.0,0.0
243,compromised,1.1907,7.0,23.5,0.2299999999999999,0.17
244,normal,0.0408999999999999,13.5,28.5,0.0,0.0
244,compromised,1.151,12.5,48.0,0.0,0.0
245,normal,0.1947,12.0,19.0,0.0,0.0
245,compromised,0.5138,10.5,24.5,0.39,0.3
246,normal,0.1237,6.5,20.0,0.0,0.0
246,compromised,0.1699,11.5,27.5,0.03,0.0
247,normal,0.1714,12.5,28.0,0.0,0.0
247,compromised,1.1797,11.0,34.5,0.0,0.0
248,normal,0.1218999999999999,7.5,26.5,0.0,0.0
248,compromised,1.0575,30.5,41.5,0.09,0.09
249,normal,0.2165,10.5,24.5,0.0,0.0
249,compromised,0.5782,22.5,23.0,0.04,0.03
250,normal,0.0818,18.0,17.0,0.0,0.0
250,compromised,0.6602,27.0,27.0,0.0,0.0
251,normal,0.0689999999999999,10.0,21.0,0.0,0.0
251,compromised,1.0165000000000002,12.5,46.5,0.1100000000000001,0.09
252,normal,0.5319,14.0,22.0,0.0,0.0
252,compromised,0.5888,11.5,14.5,0.0,0.0
253,normal,0.1371,19.5,18.0,0.0,0.0
253,compromised,0.3491,10.0,15.5,0.0,0.0
254,normal,0.5198,16.0,16.0,0.0,0.0
254,compromised,0.4281,14.0,27.0,0.1200000000000001,0.09
255,normal,0.1412,7.5,20.0,0.0,0.0
255,compromised,1.3845,12.170000000000002,28.33,0.0,0.0
256,normal,0.2546,0.0,0.0,0.0,0.0
256,compromised,1.1873,23.5,51.5,0.0,0.0
257,normal,0.3206,17.0,28.0,0.0,0.0
257,compromised,1.13,22.0,33.5,0.49,0.44
258,normal,0.2554,11.0,18.0,0.0,0.0
258,compromised,0.14,21.0,24.5,0.1499999999999999,0.13
259,normal,0.1432,10.0,19.5,0.0,0.0
259,compromised,0.2997,20.0,27.5,0.05,0.05
260,normal,0.2556,8.5,30.5,0.0,0.0
260,compromised,0.1535,14.0,37.5,0.03,0.03
261,normal,0.1486,21.0,21.0,0.0,0.0
261,compromised,0.7871,17.0,18.0,0.06,0.06
262,normal,0.1552,14.0,21.0,0.0,0.0
262,compromised,0.2974,32.0,23.5,0.03,0.01
263,normal,0.3064,24.5,19.5,0.0,0.0
263,compromised,0.6968,41.0,28.0,0.08,0.08
264,normal,0.0788,44.0,29.5,0.0,0.0
264,compromised,0.2388999999999999,47.83,39.67,0.05,0.04
265,normal,0.2116,14.0,14.5,0.0,0.0
265,compromised,0.8623000000000001,15.0,24.0,0.0,0.0
266,normal,0.193,9.5,22.5,0.0,0.0
266,compromised,0.1593,17.0,25.5,0.0,0.0
267,normal,0.111,17.0,16.5,0.0,0.0
267,compromised,0.6558,2.5,33.5,0.0,0.0
268,normal,0.2146999999999999,13.0,22.0,0.0,0.0
268,compromised,0.9439,14.0,23.0,0.2099999999999999,0.2
269,normal,0.111,20.5,21.5,0.0,0.0
269,compromised,0.9474,0.0,0.0,0.18,0.08
270,normal,0.2032,14.5,25.0,0.0,0.0
270,compromised,0.8926,15.0,23.5,0.03,0.0
271,normal,0.255,24.0,30.0,0.0,0.0
271,compromised,0.1846,15.0,27.0,0.1699999999999999,0.15
272,normal,0.2024,15.0,16.5,0.0,0.0
272,compromised,0.5325000000000001,9.0,21.0,0.0,0.0
273,normal,0.6055,34.0,27.5,0.0,0.0
273,compromised,0.8848,41.5,24.5,0.1,0.09
274,normal,0.1159999999999999,13.5,19.0,0.0,0.0
274,compromised,0.8267,11.5,22.0,0.17,0.1
275,normal,0.1132999999999999,15.5,18.0,0.0,0.0
275,compromised,1.1467999999999998,21.5,60.5,0.08,0.07
276,normal,0.0775,10.0,25.0,0.0,0.0
276,compromised,0.4517,13.5,21.5,0.33,0.33
277,normal,0.0892999999999999,9.0,18.5,0.0,0.0
277,compromised,0.4331,13.0,28.0,0.1899999999999999,0.19
278,normal,0.3895,11.0,22.0,0.0,0.0
278,compromised,1.0789000000000002,25.0,22.5,0.09,0.08
279,normal,0.1278999999999999,37.0,31.0,0.0,0.0
279,compromised,0.4779,24.5,24.5,0.25,0.25
280,normal,0.1994,19.0,23.5,0.0,0.0
280,compromised,0.8196,9.5,26.5,0.2599999999999999,0.15
281,normal,0.1347,18.0,24.5,0.0,0.0
281,compromised,0.4616,16.5,23.0,0.2699999999999999,0.17
282,normal,0.1408,14.5,15.0,0.0,0.0
282,compromised,0.2343,23.5,27.5,0.08,0.08
283,normal,0.2012999999999999,11.0,26.5,0.0,0.0
283,compromised,1.3284,13.0,27.5,0.08,0.08
284,normal,0.2697,12.0,17.0,0.0,0.0
284,compromised,0.1425,18.0,18.0,0.2499999999999999,0.17
285,normal,0.168,29.5,21.5,0.0,0.0
285,compromised,0.2051,56.5,25.0,0.1499999999999999,0.13
286,normal,0.1929,12.0,21.5,0.0,0.0
286,compromised,0.7742,19.0,26.5,0.1,0.1
287,normal,0.1005,15.5,26.5,0.0,0.0
287,compromised,1.1861,11.5,37.5,0.01,0.01
288,normal,0.1815,12.0,12.5,0.0,0.0
288,compromised,0.6759000000000001,18.0,22.0,0.0,0.0
289,normal,0.2274,18.5,20.5,0.0,0.0
289,compromised,0.8608,65.5,47.0,0.0,0.0
290,normal,0.7383000000000001,12.5,28.5,0.0,0.0
290,compromised,0.2913,26.0,29.0,0.1999999999999999,0.17
291,normal,0.6035,11.0,18.0,0.0,0.0
291,compromised,0.1148,22.5,19.5,0.06,0.0
292,normal,0.1645,31.0,27.0,0.0,0.0
292,compromised,0.3229,10.5,20.5,0.04,0.0
293,normal,0.0771,10.0,12.0,0.0,0.0
293,compromised,1.5021,15.5,42.0,0.2299999999999999,0.21
294,normal,0.2514,10.0,11.0,0.0,0.0
294,compromised,0.6334,11.0,25.0,0.1,0.1
295,normal,0.2197999999999999,11.5,14.0,0.0,0.0
295,compromised,0.7053,22.83,25.17,0.28,0.28
296,normal,0.2195,9.0,19.5,0.0,0.0
296,compromised,0.8578,17.0,17.0,0.2099999999999999,0.16
297,normal,0.1278,45.0,22.0,0.0,0.0
297,compromised,0.1605,28.0,17.0,0.05,0.02
298,normal,0.2311,18.5,30.5,0.0,0.0
298,compromised,1.0467,21.0,30.5,0.0,0.0
299,normal,0.0907999999999999,15.5,19.5,0.0,0.0
299,compromised,0.5466,58.5,40.5,0.1799999999999999,0.18
300,normal,0.1855,8.5,24.0,0.0,0.0
300,compromised,1.4738,18.0,33.0,0.04,0.04
301,normal,0.3011,8.5,16.5,0.0,0.0
301,compromised,0.8423,17.0,31.0,0.1499999999999999,0.15
302,normal,0.09,16.0,25.0,0.0,0.0
302,compromised,0.2375999999999999,29.5,23.5,0.0999999999999999,0.0
303,normal,1.2428,5.5,20.5,0.0,0.0
303,compromised,0.8939,14.5,12.5,0.0,0.0
304,normal,0.1979999999999999,31.0,18.0,0.0,0.0
304,compromised,0.1393,14.5,30.0,0.26,0.26
305,normal,0.2299,4.5,26.5,0.0,0.0
305,compromised,0.1964,17.5,30.0,0.2199999999999999,0.19
306,normal,0.3661999999999999,13.0,16.5,0.0,0.0
306,compromised,0.6206999999999999,12.0,27.5,0.1699999999999999,0.15
307,normal,0.2711,18.5,15.0,0.0,0.0
307,compromised,0.3131,18.5,24.0,0.03,0.02
308,normal,0.2378999999999999,14.0,19.5,0.0,0.0
308,compromised,1.6117,12.5,38.5,0.31,0.31
309,normal,0.1375,12.5,14.5,0.0,0.0
309,compromised,0.5796,33.0,19.0,0.1800000000000001,0.12
310,normal,0.1536,11.0,22.5,0.0,0.0
310,compromised,0.1684,25.5,16.0,0.4099999999999999,0.39
311,normal,0.2595,0.0,0.0,0.0,0.0
311,compromised,0.7972,11.5,39.0,0.0,0.0
312,normal,0.1231999999999999,16.0,18.5,0.0,0.0
312,compromised,0.7737,50.0,54.0,0.1399999999999999,0.13
313,normal,0.2522,17.0,24.0,0.0,0.0
313,compromised,1.3196,21.5,45.5,0.2499999999999999,0.17
314,normal,0.4571,0.0,0.0,0.0,0.0
314,compromised,0.5278,15.5,26.5,0.0,0.0
315,normal,0.4943,7.0,7.0,0.0,0.0
315,compromised,0.8432,12.0,33.5,0.01,0.0
316,normal,0.2741,6.0,12.0,0.0,0.0
316,compromised,0.1661,26.0,27.0,0.04,0.0
317,normal,0.0701,28.5,31.5,0.0,0.0
317,compromised,0.1254,10.5,15.0,0.05,0.0
318,normal,0.1427,14.0,15.0,0.0,0.0
318,compromised,0.3058,25.0,25.0,0.1599999999999999,0.16
319,normal,0.1167999999999999,15.0,25.5,0.0,0.0
319,compromised,0.2456999999999999,19.5,34.5,0.02,0.0
320,normal,0.6829000000000001,16.0,16.0,0.0,0.0
320,compromised,0.9622,12.5,19.5,0.1100000000000001,0.08
321,normal,0.0963999999999999,14.0,25.5,0.0,0.0
321,compromised,1.4733999999999998,13.0,9.0,0.0,0.0
322,normal,0.7819,16.5,27.0,0.0,0.0
322,compromised,0.4676,14.0,28.5,0.1399999999999999,0.14
323,normal,0.4339,14.0,19.5,0.0,0.0
323,compromised,0.8519,19.5,17.5,0.07,0.07
324,normal,0.1934,19.5,18.0,0.0,0.0
324,compromised,0.358,39.0,18.5,0.1999999999999999,0.19
325,normal,0.0761,29.5,17.0,0.0,0.0
325,compromised,0.4359,46.5,20.0,0.2099999999999999,0.21
326,normal,0.3528,12.0,25.5,0.0,0.0
326,compromised,1.1559,18.0,28.0,0.0,0.0
327,normal,0.4403999999999999,34.5,25.5,0.0,0.0
327,compromised,0.3454,27.0,27.5,0.05,0.0
328,normal,0.1913,11.0,23.0,0.0,0.0
328,compromised,0.1248999999999999,7.0,23.0,0.05,0.05
329,normal,0.0748,29.0,27.0,0.0,0.0
329,compromised,0.6004,24.0,19.0,0.3600000000000001,0.36
330,normal,0.1238,19.5,24.5,0.0,0.0
330,compromised,0.1286999999999999,9.5,23.5,0.1699999999999999,0.17
331,normal,0.2062,28.0,17.0,0.0,0.0
331,compromised,0.7914,76.0,61.0,0.16,0.07
332,normal,0.1751,38.5,32.5,0.0,0.0
332,compromised,0.2397,39.0,25.0,0.1200000000000001,0.12
333,normal,0.2192999999999999,14.5,21.5,0.0,0.0
333,compromised,0.5094,18.0,30.5,0.24,0.23
334,normal,0.1677,30.5,47.5,0.0,0.0
334,compromised,0.9515,56.5,33.0,0.0,0.0
335,normal,0.1853,15.0,21.5,0.0,0.0
335,compromised,0.1651,20.0,19.0,0.0,0.0
336,normal,0.0752,13.0,23.0,0.0,0.0
336,compromised,0.3216,21.5,19.5,0.7,0.7
337,normal,0.2037999999999999,17.5,18.0,0.0,0.0
337,compromised,0.6779999999999999,12.5,17.5,0.0,0.0
338,normal,0.1209,11.5,24.5,0.0,0.0
338,compromised,0.2809,14.5,39.5,0.32,0.3
339,normal,0.0877,16.0,31.0,0.0,0.0
339,compromised,0.1218,15.5,27.5,0.14,0.07
340,normal,0.3149,13.5,17.5,0.0,0.0
340,compromised,0.5607,10.5,16.5,0.1399999999999999,0.14
341,normal,1.2119,11.5,22.0,0.0,0.0
341,compromised,0.6002000000000001,32.5,30.5,0.03,0.0
342,normal,0.1742,34.0,32.0,0.0,0.0
342,compromised,0.1402,12.0,19.0,0.0,0.0
343,normal,0.2994,6.0,24.0,0.0,0.0
343,compromised,1.404,15.5,29.0,0.01,0.0
344,normal,0.0892999999999999,13.5,38.5,0.0,0.0
344,compromised,0.8553000000000001,51.5,47.5,0.1299999999999999,0.13
345,normal,0.2833,13.5,25.5,0.0,0.0
345,compromised,0.2313,43.0,28.5,0.03,0.0
346,normal,0.2552,13.0,26.5,0.0,0.0
346,compromised,0.9834,23.5,30.5,0.1200000000000001,0.07
347,normal,0.0917999999999999,8.0,21.0,0.0,0.0
347,compromised,0.4707,31.5,20.0,0.01,0.0
348,normal,0.2104999999999999,8.0,20.0,0.0,0.0
348,compromised,0.194,11.5,20.0,0.09,0.09
349,normal,0.2737,12.0,23.0,0.0,0.0
349,compromised,0.6656,21.5,36.5,0.02,0.0
350,normal,0.1384,45.0,33.5,0.0,0.0
350,compromised,0.9071,18.5,29.0,0.29,0.27
351,normal,0.6215,9.5,24.5,0.0,0.0
351,compromised,1.4623,43.5,61.0,0.2099999999999999,0.21
352,normal,0.3042999999999999,7.0,22.0,0.0,0.0
352,compromised,0.3818,10.0,18.5,0.04,0.0
353,normal,0.2751,12.0,18.0,0.0,0.0
353,compromised,0.327,13.0,36.0,0.1200000000000001,0.12
354,normal,0.24,18.5,23.5,0.0,0.0
354,compromised,0.4267,11.5,14.0,0.0799999999999999,0.01
355,normal,0.7316,6.0,20.5,0.0,0.0
355,compromised,0.1589,18.0,18.5,0.0,0.0
356,normal,0.3587,11.0,15.0,0.0,0.0
356,compromised,0.6616,29.0,29.0,0.1999999999999999,0.2
357,normal,0.1961,13.0,16.0,0.0,0.0
357,compromised,0.927,18.0,20.0,0.1399999999999999,0.14
358,normal,0.1248,12.5,16.5,0.0,0.0
358,compromised,0.601,11.5,12.0,0.09,0.09
359,normal,0.1526,34.0,26.0,0.0,0.0
359,compromised,0.2064,10.5,27.0,0.07,0.03
360,normal,0.1057,10.5,26.5,0.0,0.0
360,compromised,0.1259,35.5,25.0,0.08,0.08
361,normal,0.0756,20.0,17.0,0.0,0.0
361,compromised,0.5815,26.0,26.0,0.2499999999999999,0.18
362,normal,0.1558,14.0,20.5,0.0,0.0
362,compromised,0.241,15.0,24.0,0.06,0.06
363,normal,0.1397,35.0,25.0,0.0,0.0
363,compromised,0.4629,43.5,33.5,0.06,0.0
364,normal,0.2332,22.5,24.5,0.0,0.0
364,compromised,1.3086,18.5,43.5,0.25,0.23
365,normal,0.2142,18.0,32.0,0.0,0.0
365,compromised,0.7951,5.5,15.5,0.0,0.0
366,normal,0.1441,14.0,26.0,0.0,0.0
366,compromised,0.1972,10.5,19.5,0.02,0.0
367,normal,0.1244,41.0,28.0,0.0,0.0
367,compromised,1.0018,12.0,31.0,0.2099999999999999,0.21
368,normal,0.1552,10.5,23.5,0.0,0.0
368,compromised,0.277,15.0,27.0,0.04,0.0
369,normal,0.4986,8.0,27.5,0.0,0.0
369,compromised,0.6735,0.0,0.0,0.0,0.0
370,normal,0.1759,14.5,28.5,0.0,0.0
370,compromised,1.3877,35.0,37.0,0.07,0.05
371,normal,0.1005,9.0,20.5,0.0,0.0
371,compromised,1.5736,18.0,40.0,0.08,0.06
372,normal,0.1653,13.0,23.0,0.0,0.0
372,compromised,0.3388,18.0,22.5,0.02,0.0
373,normal,0.1533,15.0,23.0,0.0,0.0
373,compromised,1.4056,15.5,17.5,0.0699999999999999,0.0
374,normal,0.128,10.5,26.0,0.0,0.0
374,compromised,0.4044,12.5,29.0,0.21,0.1
375,normal,0.1168,9.0,28.0,0.0,0.0
375,compromised,1.4547,29.0,29.0,0.0,0.0
376,normal,0.1012,27.5,24.0,0.0,0.0
376,compromised,0.9785,13.0,9.5,0.2,0.12
377,normal,0.1359,18.5,26.5,0.0,0.0
377,compromised,1.0086,37.0,40.0,0.09,0.07
378,normal,0.13,12.5,16.0,0.0,0.0
378,compromised,1.1035,27.5,33.5,0.04,0.0
379,normal,0.4574,18.0,18.0,0.0,0.0
379,compromised,1.3066,18.0,42.0,0.1100000000000001,0.07
380,normal,0.0991,10.0,27.5,0.0,0.0
380,compromised,1.346,32.83,33.83,0.1299999999999999,0.13
381,normal,0.1977,17.0,23.0,0.0,0.0
381,compromised,0.298,16.5,23.5,0.33,0.33
382,normal,0.4039,11.0,21.0,0.0,0.0
382,compromised,0.9125,19.0,29.0,0.0699999999999999,0.0
383,normal,0.1516,13.5,20.5,0.0,0.0
383,compromised,0.5639,16.0,26.0,0.1600000000000001,0.11
384,normal,0.1409,15.0,23.5,0.0,0.0
384,compromised,1.2572,29.0,74.0,0.2099999999999999,0.21
385,normal,0.2472999999999999,6.5,17.5,0.0,0.0
385,compromised,0.9253,23.0,19.0,0.8200000000000001,0.81
386,normal,0.1437999999999999,15.0,28.5,0.0,0.0
386,compromised,0.6129,0.0,0.0,0.0,0.0
387,normal,0.1614,15.0,19.0,0.0,0.0
387,compromised,0.3447,8.0,20.5,0.05,0.05
388,normal,0.2581,16.0,18.5,0.0,0.0
388,compromised,0.2008,23.0,19.5,0.0,0.0
389,normal,0.2294,10.0,25.5,0.0,0.0
389,compromised,0.8768,22.0,30.0,0.1200000000000001,0.11
390,normal,0.3506,17.0,18.5,0.0,0.0
390,compromised,0.1387,12.5,19.0,0.02,0.0
391,normal,0.2601,12.5,20.0,0.0,0.0
391,compromised,0.4638,14.0,34.5,0.1200000000000001,0.12
392,normal,0.1150999999999999,21.5,19.0,0.0,0.0
392,compromised,0.8709,9.0,25.0,0.06,0.01
393,normal,0.1096,9.5,22.5,0.0,0.0
393,compromised,0.3214,8.5,19.5,0.3400000000000001,0.34
394,normal,0.2910999999999999,10.5,19.0,0.0,0.0
394,compromised,0.1114999999999999,6.5,24.5,0.05,0.05
395,normal,0.3271,56.0,33.5,0.0,0.0
395,compromised,0.1414,51.0,23.0,0.31,0.31
396,normal,0.1008,45.0,20.0,0.0,0.0
396,compromised,0.7732,14.0,21.5,0.0,0.0
397,normal,0.2347999999999999,41.0,24.5,0.0,0.0
397,compromised,2.0477,7.5,18.5,0.01,0.0
398,normal,0.2079,12.0,25.5,0.0,0.0
398,compromised,1.3885,10.5,35.5,0.0,0.0
399,normal,0.1229,45.0,26.5,0.0,0.0
399,compromised,0.509,34.5,27.5,0.32,0.27
400,normal,0.162,7.5,15.0,0.0,0.0
400,compromised,0.2209,5.0,17.5,0.3899999999999999,0.39
401,normal,0.3312,13.0,25.5,0.0,0.0
401,compromised,1.0517,14.5,37.5,0.0,0.0
402,normal,0.0828,36.5,28.0,0.0,0.0
402,compromised,0.966,51.5,36.5,0.0,0.0
403,normal,0.2511,15.5,19.0,0.0,0.0
403,compromised,0.9888,24.5,32.5,0.25,0.2
404,normal,0.1401,10.5,22.0,0.0,0.0
404,compromised,1.1399,34.0,28.0,0.07,0.07
405,normal,0.1696,21.0,14.0,0.0,0.0
405,compromised,1.069,24.5,17.5,0.09,0.08
406,normal,0.4075,0.0,0.0,0.0,0.0
406,compromised,0.1276,14.0,23.0,0.03,0.0
407,normal,0.2768,15.0,24.0,0.0,0.0
407,compromised,0.946,21.0,38.0,0.3,0.3
408,normal,0.3743,10.5,19.5,0.0,0.0
408,compromised,0.3043,7.5,28.0,0.1200000000000001,0.12
409,normal,0.3598,22.0,22.0,0.0,0.0
409,compromised,1.5197999999999998,27.0,40.0,0.06,0.06
410,normal,0.2809,31.0,20.5,0.0,0.0
410,compromised,1.0039,12.0,21.0,0.0,0.0
411,normal,0.144,12.5,24.5,0.0,0.0
411,compromised,0.9062,19.0,38.0,0.08,0.07
412,normal,0.1991,12.5,22.5,0.0,0.0
412,compromised,0.0653,12.0,33.5,0.02,0.0
413,normal,0.1559,23.5,18.5,0.0,0.0
413,compromised,0.5493,10.0,21.0,0.24,0.24
414,normal,0.419,9.5,9.0,0.0,0.0
414,compromised,0.6756,9.5,18.5,0.04,0.0
415,normal,0.1602,24.5,17.5,0.0,0.0
415,compromised,0.7128,21.0,23.0,0.04,0.0
416,normal,0.4036,13.5,13.0,0.0,0.0
416,compromised,0.7045,20.5,21.5,0.1899999999999999,0.16
417,normal,0.1209,30.5,20.5,0.0,0.0
417,compromised,0.2777,33.5,22.0,0.03,0.03
418,normal,0.2754,34.5,21.5,0.0,0.0
418,compromised,0.3624,15.0,19.0,0.0,0.0
419,normal,0.2862,11.5,24.5,0.0,0.0
419,compromised,0.3443,7.0,16.5,0.0699999999999999,0.0
420,normal,0.3139,10.5,22.5,0.0,0.0
420,compromised,0.9318,26.5,37.5,0.0699999999999999,0.0
421,normal,0.1626,30.0,24.5,0.0,0.0
421,compromised,0.306,33.0,40.0,0.08,0.08
422,normal,0.3181,8.5,14.5,0.0,0.0
422,compromised,0.5679,11.5,19.5,0.2,0.08
423,normal,0.2751,27.5,25.5,0.0,0.0
423,compromised,0.92,33.67,55.33,0.1599999999999999,0.16
424,normal,0.3122,20.0,20.0,0.0,0.0
424,compromised,0.7208,47.33,49.67,0.1100000000000001,0.11
425,normal,0.4214,18.0,18.0,0.0,0.0
425,compromised,0.8159000000000001,22.33,22.33,0.15,0.07
426,normal,0.2215,12.5,24.5,0.0,0.0
426,compromised,0.1566999999999999,14.5,31.0,0.2099999999999999,0.21
427,normal,0.1093,8.5,21.5,0.0,0.0
427,compromised,1.1754,21.83,21.5,0.04,0.04
428,normal,0.121,15.0,17.5,0.0,0.0
428,compromised,1.0785,26.67,29.67,0.2099999999999999,0.21
429,normal,0.2646,18.0,21.0,0.0,0.0
429,compromised,0.2899,33.0,34.0,0.1400000000000001,0.11
430,normal,0.1245,14.5,16.5,0.0,0.0
430,compromised,1.0658999999999998,38.0,63.0,0.0,0.0
431,normal,0.1758,14.5,30.5,0.0,0.0
431,compromised,0.2402999999999999,21.0,22.0,0.04,0.04
432,normal,0.2669,14.5,24.5,0.0,0.0
432,compromised,0.639,13.5,18.0,0.0,0.0
433,normal,0.137,11.0,17.5,0.0,0.0
433,compromised,0.1825,13.5,16.0,0.01,0.0
434,normal,0.2473,20.0,21.0,0.0,0.0
434,compromised,0.8321,35.83,27.5,0.1,0.1
435,normal,0.1108,38.0,40.0,0.0,0.0
435,compromised,0.6417,38.33,53.33,0.0,0.0
436,normal,0.1494,9.5,23.5,0.0,0.0
436,compromised,0.3772,39.67,53.67,0.28,0.26
437,normal,0.5802,10.0,18.0,0.0,0.0
437,compromised,0.4431,9.0,24.5,0.16,0.08
438,normal,0.1429,12.0,28.0,0.0,0.0
438,compromised,0.1415,10.0,34.0,0.03,0.0
439,normal,0.1783,27.5,30.0,0.0,0.0
439,compromised,0.4851,23.0,43.0,0.3,0.29
440,normal,0.2752,7.0,21.5,0.0,0.0
440,compromised,1.5158999999999998,22.5,23.5,0.1200000000000001,0.12
441,normal,0.3389,10.0,21.0,0.0,0.0
441,compromised,0.2101,21.0,19.0,0.06,0.05
442,normal,0.2648,14.5,23.0,0.0,0.0
442,compromised,1.0821,18.0,20.0,0.4599999999999999,0.45
443,normal,0.2366,37.0,29.0,0.0,0.0
443,compromised,1.185,24.0,31.5,0.3099999999999999,0.23
444,normal,0.3867,10.0,0.0,0.0,0.0
444,compromised,1.1953,16.5,28.5,0.0,0.0
445,normal,0.2359,10.0,22.5,0.0,0.0
445,compromised,1.3752,22.0,60.0,0.2099999999999999,0.17
446,normal,0.2375,4.5,17.5,0.0,0.0
446,compromised,0.828,13.0,29.0,0.07,0.07
447,normal,0.243,15.0,14.5,0.0,0.0
447,compromised,0.2654,51.5,41.0,0.0,0.0
448,normal,0.2403999999999999,6.0,24.0,0.0,0.0
448,compromised,0.7125999999999999,24.0,27.5,0.1,0.1
449,normal,0.2340999999999999,8.5,24.0,0.0,0.0
449,compromised,0.5103,18.0,32.0,0.26,0.23
450,normal,0.2666,9.0,18.0,0.0,0.0
450,compromised,0.1175999999999999,13.5,14.0,0.03,0.0
451,normal,0.1171,32.5,26.0,0.0,0.0
451,compromised,0.8301000000000001,11.0,33.0,0.08,0.08
452,normal,0.5259999999999999,14.0,20.5,0.0,0.0
452,compromised,0.7066,22.0,32.0,0.04,0.04
453,normal,0.1316,27.5,25.0,0.0,0.0
453,compromised,0.3266,12.0,26.0,0.2299999999999999,0.19
454,normal,0.5195,24.5,36.5,0.0,0.0
454,compromised,0.6438,15.0,22.5,0.0,0.0
455,normal,0.3787,9.0,13.0,0.0,0.0
455,compromised,0.9667,11.0,22.0,0.1799999999999999,0.18
456,normal,0.1838,20.0,20.0,0.0,0.0
456,compromised,0.4271999999999999,24.5,26.5,0.09,0.09
457,normal,0.2615,10.5,11.5,0.0,0.0
457,compromised,0.4842999999999999,13.5,18.0,0.07,0.06
458,normal,0.0475,48.0,37.0,0.0,0.0
458,compromised,0.0792,32.0,28.0,0.07,0.07
459,normal,0.2746999999999999,8.0,15.0,0.0,0.0
459,compromised,0.6890999999999999,19.0,19.0,0.03,0.0
460,normal,0.1682,15.0,18.5,0.0,0.0
460,compromised,0.677,27.0,22.0,0.01,0.01
461,normal,0.0829,11.5,10.5,0.0,0.0
461,compromised,0.553,11.0,18.0,0.04,0.0
462,normal,0.3342,12.5,21.5,0.0,0.0
462,compromised,0.3185,17.0,25.0,0.1599999999999999,0.14
463,normal,0.2216,50.5,35.5,0.0,0.0
463,compromised,0.3811,37.5,27.5,0.06,0.06
464,normal,0.2634,19.0,19.0,0.0,0.0
464,compromised,0.8406,10.0,18.5,0.0,0.0
465,normal,0.198,15.0,22.5,0.0,0.0
465,compromised,0.9836,19.5,21.5,0.01,0.0
466,normal,0.3155,28.0,38.5,0.0,0.0
466,compromised,0.2176999999999999,42.0,23.0,0.0,0.0
467,normal,0.1945,17.0,24.5,0.0,0.0
467,compromised,0.3191,11.0,25.5,0.03,0.03
468,normal,0.0974999999999999,27.5,28.5,0.0,0.0
468,compromised,0.9446,13.0,41.0,0.01,0.0
469,normal,0.137,11.0,18.5,0.0,0.0
469,compromised,1.3125,30.0,25.0,0.05,0.05
470,normal,0.2448,12.5,17.5,0.0,0.0
470,compromised,0.9336,24.0,25.0,0.0,0.0
471,normal,0.2568,40.5,39.5,0.0,0.0
471,compromised,0.7066,11.0,19.5,0.1299999999999999,0.13
472,normal,0.0983999999999999,15.0,18.5,0.0,0.0
472,compromised,1.0758,26.5,21.5,0.24,0.24
473,normal,0.4931,10.0,17.0,0.0,0.0
473,compromised,0.8114,14.0,26.0,0.09,0.09
474,normal,0.1286999999999999,16.5,31.5,0.0,0.0
474,compromised,1.406,42.0,33.5,0.1,0.1
475,normal,0.5890000000000001,6.5,20.5,0.0,0.0
475,compromised,0.4166,12.0,21.0,0.02,0.0
476,normal,0.1659,17.0,21.5,0.0,0.0
476,compromised,0.6559,18.0,24.0,0.1100000000000001,0.11
477,normal,0.1574,35.5,26.0,0.0,0.0
477,compromised,0.278,10.0,20.5,0.1200000000000001,0.1
478,normal,0.1129999999999999,7.5,23.0,0.0,0.0
478,compromised,0.1461,10.5,33.5,0.09,0.06
479,normal,0.1103,16.5,18.5,0.0,0.0
479,compromised,0.1674999999999999,16.0,28.0,0.07,0.04
480,normal,0.155,16.5,14.5,0.0,0.0
480,compromised,0.1196,15.0,29.5,0.25,0.21
481,normal,0.334,9.5,25.0,0.0,0.0
481,compromised,1.1616,9.5,29.0,0.1899999999999999,0.19
482,normal,0.2782,9.5,16.5,0.0,0.0
482,compromised,0.2211,9.5,9.5,0.01,0.0
483,normal,0.1974,18.0,25.5,0.0,0.0
483,compromised,0.6227,30.0,24.0,0.1299999999999999,0.13
484,normal,0.1150999999999999,11.0,29.0,0.0,0.0
484,compromised,1.8104,21.0,26.5,0.17,0.1
485,normal,0.2415,9.0,20.0,0.0,0.0
485,compromised,0.2343,12.0,14.0,0.1200000000000001,0.12
486,normal,0.4686,8.0,16.5,0.0,0.0
486,compromised,0.9206,37.0,28.0,0.1,0.05
487,normal,0.2664,9.5,27.0,0.0,0.0
487,compromised,0.5615,22.0,24.5,0.1500000000000001,0.1
488,normal,0.2254,15.0,15.0,0.0,0.0
488,compromised,0.4254,17.0,19.0,0.0,0.0
489,normal,0.1959,12.0,29.0,0.0,0.0
489,compromised,0.6749,18.0,45.5,0.27,0.23
490,normal,0.3922,10.0,25.0,0.0,0.0
490,compromised,0.3289,39.0,37.0,0.08,0.08
491,normal,0.2158,35.0,21.5,0.0,0.0
491,compromised,0.8793,22.5,24.5,0.29,0.24
492,normal,0.2243,10.0,23.0,0.0,0.0
492,compromised,1.0022,14.0,19.5,0.1200000000000001,0.12
493,normal,0.1999999999999999,25.0,18.0,0.0,0.0
493,compromised,0.8834,35.5,33.0,0.2099999999999999,0.21
494,normal,0.2822,28.0,16.5,0.0,0.0
494,compromised,0.7731,21.0,33.0,0.3,0.3
495,normal,0.1588,15.0,22.5,0.0,0.0
495,compromised,0.265,14.5,22.5,0.2299999999999999,0.22
496,normal,0.1494,18.0,25.0,0.0,0.0
496,compromised,0.924,21.0,37.0,0.1699999999999999,0.17
497,normal,0.4841,8.0,26.0,0.0,0.0
497,compromised,1.1794,14.5,36.5,0.06,0.06
498,normal,0.0706,17.5,24.0,0.0,0.0
498,compromised,0.762,32.5,49.5,0.21,0.12
499,normal,1.2131,14.5,8.5,0.0,0.0
499,compromised,1.1393,32.0,28.0,0.2199999999999999,0.22
500,normal,0.5192,13.0,0.0,0.0,0.0
500,compromised,1.4465,20.5,21.5,0.0,0.0
